B1_sleep_hours,B2_study_consistency,B3_social_activity_freq,B4_screen_time_hours,B5_routine_irregularity,stress_level
6.479450941329662,4.206855633336396,4.549390825625695,3.160645101022916,2.722179392350587,low
4.743527984428192,1.0058470191591664,1.7386059863533085,9.013103728816333,3.465692539821643,high
7.027434388829211,3.635326742445025,5.0,3.1843118906523764,1.2426064997216524,low
6.411086614769033,2.6223933093992975,3.586166241309077,7.672894941439154,3.133189666605763,moderate
8.020474230259762,4.565256883334664,4.367155162700261,4.539162366100584,2.731128072073493,low
4.197286714735017,2.6420822308605025,2.0208105030068957,8.761372475326487,3.584871213434875,high
7.762396386971288,3.1350227642147233,2.925050551051717,2.2300627389948353,1.091112559242708,low
7.847538914836686,3.310688761534308,3.9904472457432925,2.0182242957062257,1.0919995329196448,low
6.7644381711987105,4.714076389539916,3.5002876231744615,3.7677464220873995,1.575033186090519,low
7.124478127837821,4.463781963610196,4.553561204825292,1.8148770822911011,1.0041623380088707,low
9.831089972805863,4.4567342644169505,2.4269120112614013,4.312881642430763,1.6717172651457055,low
5.190614885051991,2.761851695257325,2.7764775920307003,6.006919718587211,3.6338313516185297,moderate
5.847146232875826,2.593281536447086,1.1507502256114495,9.77350139380528,4.02064793224684,high
6.681202005902508,4.255275995060465,3.9326747441536676,3.9078504334312445,1.3436946911571812,low
5.893934174847924,1.0,2.000918706134579,9.910334257373652,4.322727996693759,high
5.039165104092429,3.1170623838857328,1.4274080810713272,4.336654165311932,3.384437466121752,moderate
7.3746896818735275,4.863596021944379,3.1041113296519858,5.234151148311841,2.547380976103124,low
6.733298341829725,1.847097281670817,2.8601954365233375,5.722064079595057,3.405587313484154,moderate
7.018676703105719,2.4545382668379867,2.2787636504930058,8.626831608408581,2.627507168591647,moderate
7.130118565868346,3.706649989625808,4.3374467848678675,2.609369487203076,2.1972489207490518,low
6.438885825808349,4.021605982381419,3.5954741243456407,3.1739907395752494,3.137839104845729,low
7.528586173599571,1.827907902128845,1.1454329652746518,9.25813059089512,4.973070490590753,high
4.9386719929339815,1.0,3.17589094542214,11.414604590379216,4.221763456648282,high
5.384620332477272,3.248769771016022,3.0268624556240327,6.133214077234104,2.7225961766872278,moderate
6.554608207933178,4.149866926041247,1.3616670846272942,4.739781848939793,3.014669233151872,moderate
7.1546952274528826,2.2138219501407366,2.2963629178150167,7.065146026177671,3.6117065505987775,moderate
9.21331808069637,5.0,5.0,3.5072200165232856,1.4702684273219504,low
5.467153590286519,1.5990407776358357,1.51717175483108,9.822652068215168,4.790842055964691,high
4.195337034214915,1.1882492950995343,1.0558378089424596,8.49368743210756,5.0,high
5.736109014151316,3.0779579124996443,3.598177296660996,7.998564817467143,2.2362285427561606,moderate
7.3094610048202675,4.157591771008757,3.3125864061187897,2.0755154883507556,2.3777763439496686,low
7.204587041781016,1.9417945692169205,1.480701038212677,10.885307205087711,4.806363442534933,high
6.094622574017134,4.344995831892503,4.335212876964323,5.281902544080621,2.227186213794631,low
6.178417240141071,2.7039190745076747,1.713244768689962,4.7178878563284234,3.5218054540166945,moderate
4.289958277220865,2.3178904432224834,2.1170550965220203,9.109426050364638,5.0,high
4.028541236600313,1.43505123168053,2.7841128620882025,9.973760943397233,4.067862069609248,high
7.376376414344958,4.650521393238756,3.5662338461099705,2.8142609369639153,2.2695352954290957,low
6.910860651538051,3.280691869745794,2.768503354649895,3.517308222529835,3.8302322167157996,moderate
5.618461082876265,2.7578447288883994,2.045707069792872,6.704853871441533,3.5884039765964557,moderate
7.23270124743935,4.479048125700184,4.152061836367367,4.508264195233037,2.1079198866463087,low
7.968977865087423,3.5648783508129545,3.7603613429352825,3.368327057966852,1.531705405602032,low
7.076448458107141,3.728060534937499,3.7648425424718965,3.504555501945751,2.4725043908419,low
6.2175900978512235,3.5231606199116707,2.204426264332115,5.400665835244911,3.580635232067684,moderate
4.441999877453813,2.4636037749016717,3.279818333102386,7.9597912398624775,3.963803660302139,high
3.986818998081355,2.2954025719821955,2.1119395977214457,9.394091787697983,4.589431742399471,high
4.811913005521503,1.9703436007052841,2.8132653705120854,10.921372039735441,4.5512786969203285,high
8.302206260243683,4.406787135741632,4.218016984012408,3.5947864596080117,1.2887047164206438,low
5.263132312073309,3.2859617803943877,2.6107221405331904,8.154588956302245,3.5472914375860674,moderate
5.325658020525363,3.0527205822484365,3.615461111631689,3.909358445424996,2.6026531084052444,moderate
3.8322404578007627,2.5841997320424097,1.4933045648267864,10.059634908344094,4.617296496030767,high
5.930059012933787,2.607622119817847,1.1331128619146555,3.2894632143161586,3.1460393498403234,moderate
5.792795055558427,2.8203972553489667,2.207279134981186,6.703470089683453,2.0285569079291013,moderate
6.824999071426069,2.3262257705357223,3.3246199107845946,9.110479739923715,3.701562065442103,moderate
7.884114722713289,2.754046820520075,4.157891887657127,1.9154132190115554,2.069987004807929,low
8.96953082265705,3.5948783748341357,4.595899902391352,3.038904904543316,2.709864060353642,low
7.112664453333137,4.148339608907371,3.6472295810125726,3.2114753635155884,2.5565623941377904,low
8.170501254315505,3.5581485532261863,4.56490579736113,2.8306743848126916,2.194732806259908,low
6.424594752427225,2.069388352591167,2.673785084005326,5.841290945637191,3.336197506939354,moderate
7.127602710212387,2.8173439422859996,2.300326351946902,6.365525115336523,3.5012261963413387,moderate
5.281737783955952,2.5419364096136037,2.667989706895793,4.756112273256459,2.823958145361616,moderate
7.593348647312583,5.0,3.7638723865520456,3.8472309883485334,2.4269236874726565,low
5.229490422710865,3.614707605256014,3.308268853012434,7.059910893823123,3.887754224190561,moderate
6.574976356749432,2.9550076810415113,1.3155517159801833,9.221980177020544,4.150076644548664,high
6.074941381690277,2.4772703567845116,2.76170689420551,3.7445310933409375,3.4717195611917484,moderate
6.797478106457,3.8642566283703066,3.7766253820923716,5.064278081369705,1.7947231863086572,low
7.495902506623943,3.0055128029256015,4.718085790019667,4.668396213612908,2.145327905999937,low
6.669040193273121,1.9818611309701983,1.0,8.511112949143667,4.994781431539329,high
5.791423750235674,2.9831501549375807,2.5982001793108767,5.990162514379504,3.9455521731272336,moderate
4.705714432766201,2.4743340454632254,3.0956023133877517,5.978112259146546,4.104753368656143,moderate
5.714103007198034,4.200577860954092,3.615970462918673,6.6497245355845385,3.585590430176431,moderate
5.462160024252147,2.1511485188153134,1.6277859788764841,10.76412087915557,4.538340431787395,high
5.511608814938679,3.095068830299841,2.4380900425319476,5.10284979650247,3.155572584920945,moderate
3.9768813495053834,2.0308339887511404,2.1125439163461,11.116101914983885,4.40239116505003,high
5.022371462746282,3.1021061659151594,3.1425687572568863,7.442960536037409,2.915158397504773,moderate
7.750811077960156,3.8796598569758673,4.544437172359448,4.683363580352921,2.0811316671037217,low
5.032421568297504,2.042727115851694,2.7102779403062525,8.891000244693817,3.6878420247289476,high
6.297947018427379,2.349233626538257,2.1392325326945985,4.292881966340081,2.029824359901032,moderate
5.82768575424007,3.5791022956371994,2.50137651185863,6.926896652948629,2.6020957496179413,moderate
6.153704182707356,4.108486480528585,2.8156261455811658,5.440249278198329,2.3996017994846937,low
4.538940803456473,2.091413375514309,1.4986944488782203,9.116846295813883,3.897310722921597,high
6.268322794746808,2.1169125892054885,3.161691973053926,5.798326929465229,3.5391331680855695,moderate
6.477649940544304,4.571502670185236,4.008437226421278,2.404546415937407,1.7854215697375106,low
5.242165991714218,2.7224665702052517,4.737205124422582,5.57202778213329,1.9398228611219674,moderate
7.2210199422012495,3.753847062712462,2.8690391624755254,3.193001514391012,1.2983657310925278,low
6.084286290503822,1.363579355604521,2.175283993606577,8.467045436067725,4.993804778139413,high
4.959407847004527,1.6663066945456733,1.8759401597846623,8.730533334121375,4.220592595985508,high
6.092881886655651,3.853263809954134,2.9641017815374684,4.8543900183331345,2.603358542515716,moderate
6.648149561530131,2.826074630715078,3.0541064734001613,7.292655608561613,3.182080140490002,moderate
7.37639545660008,4.738689245046329,4.191242815996486,3.922441366163509,2.382683404093747,low
6.407841109515279,2.2283219779747254,1.0925252529991691,6.4751335485500565,3.1907992166484282,moderate
4.953483324705571,3.0196171351519623,2.1401240598280618,5.511064552272543,3.6276313506287394,moderate
5.657743700616556,2.4033989349029286,2.1211397234194482,5.796652077113712,3.1362976790324795,moderate
4.2836972782274225,1.653883174965083,1.4085365556682152,10.403905045674904,4.270909659717606,high
4.306489015921483,1.1780262605012397,1.8420257455160352,9.547734059402622,3.281426614289126,high
5.364398640134249,2.482774061640029,1.557299806688148,8.866970313398399,4.0165358727565454,high
7.30443774345232,2.7300177708812106,2.6493955839602097,5.28750518678173,3.344017482103767,moderate
7.158197882930772,4.076902986680373,5.0,4.825615058483036,1.4401503305286811,low
8.014661435751236,3.101156349470926,4.696990970129947,5.395022603577958,2.161591467783899,low
5.314673264373039,1.779192449988846,2.314360407320751,10.70840284156176,4.722788699332388,high
3.981902074937654,2.2225142070739,1.2209105865503316,9.341261223638318,3.6112582748859943,high
5.884030884324924,2.7947082655607716,2.029537115035948,6.89838133562694,3.6168321392395097,moderate
7.150684767107083,2.3034528261679568,2.593956593530925,7.195250779641081,3.065221291688046,moderate
6.648693503576482,3.3952784210197158,3.7581492423324936,5.216128193662895,2.999328166801266,moderate
5.548814718910965,3.8869673614296354,3.023366383816502,7.294201126611487,4.474946163441936,moderate
5.358335154538222,3.295643319983111,1.0,8.150987747181201,3.4761696042588146,high
9.001475689025336,4.2788914900832715,3.9176724012024153,3.3818647972305445,2.352690447836875,low
4.039211581520188,1.8748183665908082,1.682123992413631,7.844446414904408,4.189532240729701,high
5.859862319175182,2.4212826972950094,4.9011317781235455,2.183194790543548,1.4516091583526491,low
5.135093004054275,1.6026480777999739,1.3799927238096867,9.261063620685604,4.51507574582006,high
7.1934501430912094,4.028250759866585,4.357855270183274,4.453918703498753,1.474465307932905,low
3.074865715411431,1.434979502457589,1.0,7.786548806648769,3.8929900726953135,high
4.695776841025411,2.664487558802558,1.0,10.383127834088958,3.6028598670401126,high
5.499126928978631,1.0145429685672087,2.2542831946831394,7.554722722385799,4.82539331911198,high
5.482212910555467,2.6637303187181547,2.8093489140805707,7.258398445920024,3.536279247561274,moderate
4.363742314605905,2.082750274707536,2.4586594993535784,7.81554709902134,5.0,high
5.71265156389407,3.2910563210982677,3.3525565889687936,4.776001117101258,2.245570515011178,moderate
5.088404562461434,2.068629018057041,1.6954577453134034,11.542353412449486,4.446865770279194,high
5.7081898233606045,3.0194022148262025,1.6336860041465004,10.114934334901452,3.915390450407462,high
6.441840310116478,4.656079851225512,2.3757507913296987,4.420187446141092,1.0,low
5.049609761748194,2.6083939449681353,1.0,10.815099521773883,3.7579104776656953,high
7.038963885561685,3.516317824776867,4.344567714998281,8.738950153261591,2.4571154980713468,moderate
7.310519788392252,3.431358475892501,3.781777568424287,5.820552182225824,1.5878311550318134,low
8.23272203388481,3.2634249882033344,3.8585417282274173,5.284877947623035,1.548690753644977,low
5.170219335930577,2.2352289587906964,3.660563002355073,6.6243134982652965,2.8992755583442134,moderate
5.308425553145621,2.58602381572017,2.4110088237160645,8.90701911433622,3.8847910304606716,high
8.00047231517387,5.0,4.271392198883411,1.7997894888837511,2.0182188902057776,low
8.310172654255863,4.643647603380568,4.581722300367582,2.4669899857717157,1.8241539012002779,low
3.4925182079140673,1.7327016599336498,1.0,7.93640603018903,3.4035325985687326,high
6.462543506324638,3.5197351205151173,4.3301046364923375,7.407057508729256,2.0013861640018797,moderate
6.708369503974509,4.397197201369488,4.831407565283356,4.668672953860881,2.05667783894828,low
4.494537035726875,2.3077950501601436,1.7269945851531048,7.294325247953182,2.882626601515387,moderate
5.029674016580414,1.575934220190291,1.9790828195271573,7.190485124901056,4.009119760298658,high
5.3972175424827915,3.614459303904615,3.243395078719144,4.454455800323114,3.5334763905162045,moderate
8.13467778815994,5.0,2.806043448789138,1.8623100173581215,1.7307006724206393,low
3.5741542522326126,1.6576441685415588,1.3042786313053591,10.707429787476174,5.0,high
7.622050009681975,4.349421673384166,3.6095897787533495,4.70901292518387,1.786388834804612,low
3.4069504505340795,2.385593969889505,2.474902484487466,9.130304512160816,5.0,high
6.279871539210321,2.045850731773974,1.6062013379094129,11.641113812701846,4.13932325579489,high
5.823178657996895,3.1190286963758638,3.2882418183446998,6.107533662422146,3.306908221151515,moderate
6.976682847945763,4.582482541590673,3.37395776774573,5.046133099181903,1.7499307300640439,low
7.205400834569575,4.431022762593661,3.746717224040961,3.7208693975258784,1.604672993088281,low
7.554063255591113,5.0,3.726675235376033,0.0,1.0,low
4.372938359742864,1.4853510642173742,2.749260814943716,11.073183951112647,4.970544518159893,high
6.292642554481871,3.5764405845566785,2.947970532533787,5.30357066539978,2.931987601296116,moderate
4.0683233778238375,1.7757945680795926,1.4330477389256964,11.366061290451979,2.87316762234952,high
7.808677242045201,3.327106508845327,2.6289859917220784,1.5797529811478273,1.7023206020204358,low
4.275305504702339,1.574043166185909,1.9764963380031069,11.544048306784438,4.494079030570366,high
6.777658257530379,3.9247948290364003,2.7514722092000716,3.4276977843184557,2.0261686714172233,low
6.120782113189772,2.9938823306249724,2.8391575450926805,5.490106183203632,1.6589787012608004,moderate
6.848981817401698,3.591769580135761,2.64421337156587,5.476872797123995,1.8519033251528771,low
7.174867986892307,4.582520286538617,5.0,4.037988879167791,1.1263389406374031,low
5.493628903885287,1.4496678365446687,1.0,12.221268413485307,5.0,high
5.981351190840892,3.3714630110789114,3.5565993434656096,7.583042743686478,2.4866841282548546,moderate
6.624403809276096,3.3491102635842473,4.364070372338377,4.997400783894969,2.388143888771122,moderate
5.346086978610935,1.968503319674372,3.1395572369448903,7.492733351870784,2.4508645673080056,moderate
6.118143661446121,3.4221166031551435,4.453239283496632,3.954611124150073,1.5914859526838885,low
7.626831752861372,2.997886624760092,4.294132019107456,3.0051957533543234,2.772042185481631,low
6.170194965268889,3.3311152629187752,3.704180525961071,6.281066079219494,2.7476949939378654,moderate
6.826923670320042,3.1642823071941115,3.4378666311982626,3.7863878045386974,2.955138647061163,moderate
7.209556922747943,3.238644275364645,4.8762075059956365,3.7753780585563277,1.0,low
4.275226786258598,3.461541724822277,2.830951902030128,5.635046578894075,3.7739578191709446,moderate
6.0812035250385295,1.2497706321235436,1.630991028668389,9.435848140632903,5.0,high
4.094271935876632,1.1717449675401275,1.0,8.39547267331556,5.0,high
5.925572142890488,3.3933708367028297,2.4349229486495316,4.362763013282026,2.5833208548447884,moderate
6.373563292596312,2.5396697588816157,4.394201313989269,7.833210593892517,3.0849940184346156,moderate
7.03397274820399,2.5593673455652195,3.1343275108297393,7.473639313738312,2.3483558504325126,moderate
6.458256394510146,3.568260893577631,4.378792127563172,5.972357804628894,1.3954725229652947,low
7.123701876565764,4.841082933593423,4.411081416761954,2.6454775497452734,1.3647650867952148,low
4.326143973135497,1.0324476166948402,1.642596829254969,8.340681874899348,4.646399645070808,high
6.128136536271557,2.8374638237574374,2.896743590547296,7.726603607164536,2.529959367662028,moderate
6.068131110914932,3.386735047190388,2.8473698806438965,5.433550885383238,3.1077880084680323,moderate
6.313441691344012,3.407114370840017,1.6035417272628911,7.71925563098006,4.051588532730563,moderate
6.702202537918815,4.337526824469041,3.3254530889418374,3.6454135391593545,1.4031498646159104,low
5.155525915168906,2.7721941174910962,3.1446078383566256,5.9407744352190965,2.601247996644842,moderate
5.257238215854304,2.9793150809792204,3.1531112533637278,8.03551339056423,2.529444894650892,moderate
4.745169250762858,1.4573184513841577,2.674539142739749,6.87697615125669,3.008580506287429,high
5.414998267787921,1.7063951963643726,2.8298417171064227,3.694561099547415,2.6339406803657317,moderate
5.1420209691437515,1.811036529342792,1.0,8.68403651786519,3.5053706751538667,high
7.218293159609416,4.6384648146831875,3.626583356984693,5.75860985624486,2.1143705725156026,low
6.543328283528768,3.239233237728688,3.6952147689392265,3.9492637420475156,1.836281068870421,low
8.203518379890262,4.906447133386616,3.275984363827921,2.5978929826238,2.3320554326428433,low
7.606128770329597,3.3471969802891,2.2408359785749123,5.684595238379643,2.9846165637913953,moderate
9.203397689622639,4.0479734586311915,4.091740478232301,3.517433458325083,1.7135834039671942,low
3.667074186284097,1.220992365132294,1.1878374270004926,10.690933741999482,4.073028869581476,high
4.724965356869219,3.286221076335875,3.7806173022190763,6.377953131226869,3.240185944985804,moderate
6.194466839238735,3.37764240366132,3.294178822689171,4.658358081289949,3.9764408036788117,moderate
8.781423113056732,4.158517239164317,3.7543333324474153,3.0958016388312886,1.0,low
7.298418097434491,3.4665754124760584,3.416874294042792,5.338134668721263,1.4302241470847352,low
5.699586406671743,3.3986122045439586,2.8438888122657,5.031522179656666,3.0689603469486078,moderate
7.844656802406306,3.8890320945802355,2.311053768349357,3.5908559455482005,2.1397126551449,low
6.988897721405326,4.339726812082302,4.22358018465386,5.144649186336959,1.4229091619179264,low
4.956109352471747,3.615208820554653,2.7313485020272443,7.866792223098028,3.467921767513666,moderate
5.889891492730973,3.926095713608732,3.2120922947506054,4.879422938092612,2.799527559971815,moderate
5.834439156862036,1.3543926871793082,1.9546639086583342,8.866531256943043,3.83881431702312,high
6.710800971648596,2.777533098322763,2.283136393386024,6.860531866259672,3.495428184855186,moderate
6.970459247146679,4.985730410916316,4.437559640873707,1.6631416912919523,1.0,low
5.04566017937705,1.6432413653752476,1.978480098487612,8.291134850015155,4.842951111216331,high
5.316327490799985,1.9029628131350986,2.83618882500003,6.047424982298501,4.580844452649,moderate
5.097467575728835,1.0463671242791772,1.0,10.353203233942022,4.951795550123819,high
4.558991474347926,2.6501309566183853,2.9056450687645468,5.9089832835433596,4.105290395140958,moderate
4.1490878826532445,1.9593171894698833,1.6255735138472236,6.754002116024717,4.666601175895155,high
8.166698279067475,2.8823974212929904,3.3522355183682673,5.1475334988379915,2.980515405649527,moderate
4.209162503863149,1.6438628216621274,1.5006097145895871,9.106846762140481,3.904301382296038,high
7.710973763485216,3.494031168342419,4.8714631650525115,3.1205627545025747,2.32683514734492,low
5.0585616849327275,1.1364988907087294,1.1309258621600033,9.773528563500008,4.28279302739512,high
6.277945300578678,3.1767557055350273,3.3907558240873485,5.2392550163948854,2.5495652290409323,moderate
6.740073281833344,3.6262460386322966,2.2333823896318705,5.214021798966597,3.1989250170802155,moderate
3.9740619229497662,2.6526455628418706,2.156527466388126,9.349601961233944,4.217663978898246,high
5.103261008454171,1.4105641481752325,1.0,6.554342132331447,3.653358185171642,high
4.058282350794471,1.8819613698076205,1.8731790630499456,8.986432255386044,3.7313881986164947,high
6.464579698596289,2.840151879554894,2.921104997756558,7.417857916914572,3.660222408418334,moderate
5.410432883546032,2.728829412087895,2.456844494972857,5.293082354341459,2.663730714123376,moderate
5.755630785219981,3.094339706061716,3.673047994799715,4.993688349523335,2.583574005685415,moderate
5.401575916757408,1.0,1.1585488058498083,7.541114543932381,5.0,high
5.823532057550002,3.0186283202931325,3.5734583422704076,5.886952031712172,3.451430239627607,moderate
5.931339352004579,3.2612750015744507,2.49605969671878,5.600734804988479,2.174374001056111,moderate
6.515014471395283,4.01795200978251,3.435875308087113,6.237789149167317,1.8629724900312714,moderate
8.677193578394526,5.0,3.7141279609216915,3.192015060320297,1.4264759084006682,low
7.2470059261251345,4.980026756819376,4.313669554755342,1.9675802660357262,1.2722942228046346,low
7.091017938128265,3.1472226053971992,2.7408360829419682,5.859296660180135,3.8585514112946115,moderate
8.914343930863907,4.2961143559902455,4.7952340784888,5.26641747978816,2.0797065973183866,low
5.69296023641426,3.1387692136460186,3.312044685558654,5.475888519990937,2.7638175172217734,moderate
6.954490349021627,3.439456685857703,2.9941026718475925,5.29542157970595,4.496356203436793,moderate
8.539382638228853,4.3180656579941745,3.8284575441665085,2.624855676351606,1.0,low
7.36924568118039,3.302963501863677,4.027239244831022,4.990351996176573,1.0,low
4.906797752751596,1.8829340552845817,1.3219332318247623,7.387322965048943,4.22015413479324,high
6.251292720209988,3.123246316176756,2.918631709835282,4.938168866948667,2.189747149166769,moderate
5.219695894953375,1.6173133153520838,1.1607952402565713,8.525988922167478,3.7798885840459873,high
7.03273540370135,3.43491280293372,4.284800381843567,8.361485094982136,3.902704031153536,moderate
5.803593559093295,2.9761762305918134,2.979661111498583,5.420109808003516,3.5143262121339673,moderate
8.239971253890793,2.630370584666325,2.8078943876330618,6.014277760357122,2.1225255690875082,moderate
4.110316185345865,2.1345455056948897,1.0,6.1401568228398045,4.754898530336904,high
4.845828485000817,2.8435029249572503,3.340777865307932,2.9747702639710965,2.3483792681795115,moderate
8.100360956645165,4.718296808218913,4.892113051858868,3.323069012098199,2.0521360256847516,low
7.303777723246312,4.147743497368494,4.195003140158264,4.337380206800006,2.6803087504254255,low
6.381865499763856,2.3334413428705676,2.8093630689011038,5.744552053482461,3.012022374519787,moderate
6.342543225096861,4.328491569475147,2.585716666078032,7.349776907678965,3.485128649761211,moderate
7.624343462134773,4.10421101554679,3.0604773835403654,6.44890891049107,1.0281639989497817,low
7.100563521168678,4.399842223570953,4.447738486648531,3.6420174960658454,1.5537960159929345,low
5.221619685817117,2.5260081876794382,3.6804452656086095,5.111980657939273,3.1345736396501547,moderate
5.78759475648258,2.3625137530498543,1.946892950118713,11.712595582465175,4.046251446506498,high
6.789488871396343,2.980597728782871,2.5285484311154964,5.647210559188758,2.5910312684817396,moderate
6.8870358245156815,2.3296034387692353,2.535372495787966,4.676189807930364,4.03645097197686,moderate
6.302156805901342,2.482088602593434,1.8991647916245378,6.318086503133555,3.5822987885182385,moderate
6.549103608748807,1.8474504444628912,2.441557006476611,3.8582548112383295,2.8942721646228144,moderate
4.964345779288006,2.9800231562898376,2.7726307551484126,4.875054318267615,3.3325980027794344,moderate
5.5416288491491486,3.3390920272858615,1.246368018963863,7.758995650804677,3.480431473001793,moderate
6.04762071459574,2.718098094900764,3.227591441487598,7.176837221942141,3.1669997637423024,moderate
5.298558155395791,2.0688852867760237,1.0,7.894692175421305,3.7181091620429045,high
6.097932679337829,2.161822765349321,2.2792973510330556,3.508423292226326,3.5231852998314044,moderate
7.049018584206209,3.4662437753945388,2.370140657258942,6.183519724482432,2.7317564448792813,moderate
3.7755059457351514,1.0,1.8087606863096264,6.295498018358673,4.888643679215099,high
4.515789462460495,1.899367290139591,1.602584585405896,8.173799739519566,4.078326797305751,high
7.524505194075534,4.2596864838094435,4.177019370478929,2.117301390467879,1.0,low
5.354026759075159,1.0,1.7411738255019218,9.157831038409737,4.1867534721932635,high
7.252522768223809,3.925380341425905,3.8831504489240043,4.0325752512597255,1.6691825231373467,low
8.352784184630115,4.868755466746427,3.7397983123900134,2.3532497991183225,2.349558181367759,low
6.400083353304014,3.666721612061449,4.466600868026673,1.7987789958085163,2.014391653626376,low
4.903486701219159,3.05675551977462,2.178775322680488,7.818877296204914,2.7087622782515264,moderate
5.033587589014385,1.7075800100544802,1.7776198462255706,9.956198146147635,4.27770352903967,high
6.5851417472185085,2.7259140115568017,1.4962606731626433,6.282672539894239,3.3006512595734794,moderate
7.059894568596106,2.8487623107579862,2.9938710726535556,6.44175114683756,3.6844876736168284,moderate
7.322221842320982,3.101456504491482,3.8686303063500835,4.082193335054885,1.962057260518372,low
6.39736910717591,2.741724999922825,1.5075640922156637,3.647497940407602,3.038753794165933,moderate
5.8557768061889055,3.0613539957884495,3.8514204762901914,6.378566761470942,3.435617419823485,moderate
5.882593191141985,2.9434832547895002,4.154766828470376,4.7092991498158785,3.685553533674069,moderate
4.731805671186158,1.316569100032325,2.0314558276530024,8.847630765432907,3.198093878574956,high
4.048633962505648,1.1526256877708199,1.7424028622763084,9.60896154150035,4.2527585246563735,high
5.176649167095346,2.964520163509121,1.4932254665525881,10.138565128477206,4.353361324533571,high
6.1043312104206455,3.5061914038408006,4.66335472689381,4.525622876162674,2.1379878441098548,low
3.985171308586351,1.4996291124068082,1.8564886252725032,10.203878346700263,3.8919585075829537,high
4.84019245286712,1.0514233205137247,1.4607245857027857,9.007955576452774,4.300162062452908,high
7.73679519174968,3.8876469522867536,3.5267878860230417,2.026400143013003,1.993678478455949,low
7.136013215727376,4.0293816971759435,4.178649391799112,3.2248488157372304,2.0429130525814254,low
6.250719429720741,1.6980753098521566,2.5856405811625782,7.347246243307369,3.9298122977471333,high
6.201399549490561,2.9468316328480997,2.6500075402118743,6.571370987578857,3.917588087380377,moderate
5.433733327475807,1.4246255361591624,1.283888082407694,8.47154628857484,4.747850931779777,high
5.718794538902227,2.1275273026434873,1.5406821304226286,11.850021991447331,4.266714390246199,high
8.03230808717823,2.8139379380204135,4.21985405670886,4.544666731303671,1.9018239270856874,low
4.0325761968286615,2.011201772362579,1.5472435543480616,15.026474243590691,3.0050502023512435,high
7.675506001091085,5.0,3.944189305300234,3.318502823904349,1.0,low
3.8170359056217373,1.868022322815134,2.0284682491319805,7.375307977610493,4.267975093342893,high
4.524418128925607,2.1815060029595594,1.4676063560552304,8.255001853023053,3.8886358045850424,high
7.346956540094708,4.706631114291192,2.2046789607256034,3.5415342490223067,2.15613281694334,low
6.398651081954953,4.484818253077921,4.040792031654813,3.743330057902841,1.1551403917093717,low
5.805570002202452,1.9151135718775525,2.3490542247294863,6.511198710080276,3.4916685435707384,moderate
6.455167526594962,3.130363894937174,4.120332410989257,4.747092256595295,2.677683723591949,moderate
6.687536735033967,3.8369995723147614,4.110683359433576,3.4983288182679813,2.915696884573987,low
8.170791362989076,3.5295695322062355,4.238553985601474,2.7267594557443724,1.5721880849144634,low
7.830186089276791,3.4967956844431107,3.271589763241297,3.221276804090918,2.1357242223696997,low
7.862224585018502,2.945075988349075,2.2749987846260415,6.372958453780386,3.0471706017190727,moderate
8.669155433793762,4.472379347585218,4.273885261953264,3.7164367316316778,2.077327493406375,low
6.5836898657495375,1.8156996780846217,3.147440124038512,8.048380869821859,3.4239195077386966,moderate
5.291500647803202,1.2129354719751393,2.1467368031143885,7.032024627517504,4.369881049030853,high
5.933735267592365,1.5910981254979952,1.0,9.684289413044464,4.318680911766986,high
6.067311141922505,3.5979329306990424,3.38416788315834,5.721860912980945,3.852976186849325,moderate
7.831527546620797,4.0864533954381566,4.701221778356055,2.354249819443014,1.3212703418289031,low
6.519515388986202,4.311195389649229,4.94543758466686,1.588646888334167,1.0,low
7.602272322533828,3.999326296586474,4.534048537635855,3.229482260926281,1.3725977613523748,low
6.266807326941415,3.2322352376374464,3.3532384072492927,5.711924979002466,3.9271392910179355,moderate
6.920146643821857,4.085348725249663,3.155409916146777,6.275227919421776,2.721719735189139,moderate
7.897728595243011,4.705092040134037,3.078218852259231,4.240177039627736,2.023831391060507,low
5.140775391454232,2.481164838991913,1.8089218095668913,9.854200406361965,5.0,high
6.416574099109861,3.0344460428628945,4.436491583420516,7.335855391719968,2.218839257901897,moderate
3.577010478669286,1.1858113429800654,1.011347705130233,10.139239609672215,5.0,high
7.167714191856252,3.3138853098925614,4.6515867584453705,2.4689527777093163,3.1859066532540465,low
6.9167329298051135,3.2605445566916917,3.4729756579399655,3.3020746695245378,1.9421691669275698,low
7.3209129464956,3.6179102882091527,3.6631312132942115,4.040380733652576,1.6696643050687943,low
6.681432792119911,3.6134443352162835,3.2788265391821665,4.068799092621044,2.2071815570128384,moderate
5.7940455226850105,1.085709747186987,1.7806679002604162,12.460659715800041,5.0,high
8.008120757451524,4.121348009587364,4.3841171732048885,2.89956670712372,2.325926162448912,low
4.595223526173101,1.838386626821313,1.0,9.449832478917598,4.251335706070383,high
6.080728103650722,3.9352897486794514,2.433359055021135,5.250096984907193,2.8982695705797337,moderate
8.728604793596794,4.097755451301477,4.174151116860758,3.010000204607997,1.8565098349393874,low
7.934523414644156,4.382620037418156,4.4894377121864215,4.563672751481543,1.1992251403460736,low
5.766737413186046,2.2651771334096757,3.2351209191846797,3.5328411501302903,3.4529171354844257,moderate
8.172246509965916,3.0041637773675065,3.8449247189884397,4.407497796355767,1.0,low
6.992436601889925,2.28456280173454,2.964008852263828,6.8871102627566305,2.9302400128137807,moderate
7.279886199018653,4.340640535619218,3.3916669264946524,2.9191638421127886,2.2646968223192228,low
6.569514724238031,2.3636522530789086,1.0,7.064297231027105,4.624365701768245,high
5.103059224835194,2.615074367530292,2.755543927893212,5.304386700610275,3.234897622408864,moderate
5.854619061732125,2.600473373327738,2.176985475165478,7.834712081639726,2.1560996237926604,moderate
7.157337742269514,5.0,4.329795405379951,3.3006105896603213,1.2594618028172548,low
4.80371959438938,1.030889251362801,1.0,8.213360061480065,4.013438624000092,high
6.188073477463776,3.776105981075622,3.9079806127413335,6.189169246936274,2.402585863894916,moderate
6.057352697212817,2.5190286955389296,2.58651874690083,6.820609826487292,3.045239725887637,moderate
8.005030580670832,4.707950391506042,3.8780790863365295,4.042122321129181,2.710075594283549,low
6.023338112510862,3.3058924246656707,3.485709738809181,8.218797932544666,2.781342949161455,moderate
3.140291593949227,1.0,1.4735686125539427,10.070740222457523,3.88259252828999,high
5.100194110472584,1.8047964177292881,1.6277219654889723,9.812609465502078,3.8704855337312596,high
7.877230818036111,4.740110738411978,3.5145456847994034,2.3178103612270085,2.393131945479189,low
5.643639270227683,1.322592694997648,1.0,9.01212452649734,3.780581091470941,high
5.751470343217229,1.3980029418730666,1.179193510141695,8.457926197823769,4.5864463440616525,high
5.747379975854005,2.4311129163165117,1.1312853843117965,13.082130666263078,3.9431635937356018,high
5.760140224316365,2.584839782295234,3.220671499289928,6.1164705975789655,2.2814470265795057,moderate
8.202760241045818,4.793750360756912,3.570216239024972,5.136114454502838,1.0827846154211382,low
5.236610302982623,1.640161754884495,1.6515994390031294,11.772044668459367,4.360784233091958,high
6.365868772103473,3.5273724166205356,4.692789575095571,4.736895595083152,2.5010863364001743,moderate
7.194609684801336,3.4490116715363164,3.635073956953901,4.382699710914048,2.2775031931318646,low
7.23209197601138,4.430036318612097,3.987706021465788,3.6572325394321035,1.8584480477746692,low
7.422170721269208,4.357221487244629,4.50699787421936,3.359743776309771,1.7919505278451149,low
7.122780154040041,5.0,4.202241667018095,1.8483350011064625,1.3143082086643403,low
5.628397424781098,3.8475078419766033,3.7108108440564216,5.799006013794118,2.6798882845902723,moderate
3.874346183152857,1.471797167493003,1.1644850675877165,12.894679976105504,4.10785555461914,high
7.552824558048973,5.0,3.003385895220658,4.16669850638015,1.6884259936883708,low
7.17125821533301,4.254912106903925,5.0,4.019113342071383,1.6095368670973909,low
5.510503550592891,2.063278246686672,4.2076482786803595,7.791057107157168,2.6539809066434987,moderate
4.966961975926269,1.7307990031155984,2.0178471344936617,10.078900711367973,4.360085747476045,high
6.632489542213307,4.085193607982964,2.5183418857206283,3.2170047653901768,2.6407117650203378,low
5.478498077647362,2.6383683821818664,3.646485197897764,5.766077885751702,3.1106200243053985,moderate
5.121415808644189,1.5615099990423413,1.5236480146088276,11.258694390056498,5.0,high
4.980765267548337,1.0,1.4356049410617981,11.479280866947951,4.433279345529671,high
6.136390349261826,3.784947964127946,2.1685222032732643,6.117203875967845,2.5523301102343643,moderate
5.829509385310075,1.4388670109689867,3.828956061658862,7.906063665513386,3.1660918375984926,moderate
4.925200565785433,1.6519057226930487,1.441845909905054,11.419567648550673,4.422608612325372,high
8.763273005128347,4.838310919640615,3.234570040676612,5.082815837289675,2.1336451642938905,low
4.561175902517171,3.65310731691617,1.6420813110196766,6.910836368770573,5.0,high
6.1165818138704555,2.548703479159488,1.6924830887111573,5.59454129406798,2.659366714048379,moderate
6.604181804263475,2.3437577629699975,2.8648756122203025,5.720182206450999,2.075559302241551,moderate
6.842890656620491,2.956209938405225,4.445834398360547,4.858681486615097,2.3172000302472804,low
9.824053735392326,4.624109784539431,3.5049148290339756,4.722852431890114,1.6160606272277653,low
4.629678873088447,2.989356180087354,1.0,9.647483372042933,3.076833696056555,high
3.737465094221858,1.9448712957614576,2.0333210253798746,7.604055666745258,3.746100925583084,high
7.613940588856452,4.532469900794456,4.585065527420036,2.3003453255967425,1.4258395864450724,low
6.343153716489236,4.649660339836644,3.991540744448213,1.5138855881777795,2.042372412441367,low
5.491121304028287,3.9541312833730675,3.14728449566215,3.5861464774777843,3.2144189832934043,moderate
6.487148410975686,3.235206562419454,3.4494196796858434,4.930487369997168,2.2737607633303267,moderate
6.753105855992098,4.512700353439268,4.734421535008945,3.503591949439947,1.6493384471778525,low
7.557703606171096,4.029069560170456,3.8525169899457903,2.2459475484964373,2.139276251501456,low
5.845378112820158,3.0338469403017423,2.07439261759124,3.8171564440891674,2.9069218262805596,moderate
7.161361350364677,3.9169343798169987,4.666437557197923,5.653244065520431,1.5632562888783639,low
4.614198817430514,2.4475893938592725,1.0,10.80833857002066,4.021352908461291,high
7.857224940823955,3.3523404696645804,3.702658390544836,2.920651809530426,2.2945197718775177,low
6.724456049040598,3.1317509563079664,2.9742537372776603,4.721967494044242,2.433346272958145,moderate
4.434479719076113,1.3202055466214135,1.4427374663532226,8.33588210908577,4.556581731327847,high
5.029573839480983,1.2477265462504201,1.4025677967710704,10.69495489701487,3.697667118393188,high
5.291214383864958,1.0,1.7690851292101313,8.525434969882687,4.808723973698405,high
6.419673314074985,3.298753760561627,2.315761179898381,5.332272861070617,3.253480454542336,moderate
5.740540374516324,3.6953697494261397,2.773925523213511,7.672567170673403,2.8232587472030333,moderate
6.150132452833576,4.621172175732762,3.421306467158174,3.3683189820437796,1.9545842525526964,low
8.122233548343159,4.463452007357746,4.164693278111784,3.976439960018589,1.5065535191286459,low
4.402755918870645,1.0,1.2181023700910476,6.234625838963968,4.444252812476854,high
7.685729058453376,4.448334171223616,4.120372232705942,4.9403675099111855,1.4814140972665713,low
6.967592234169045,4.2432201439395465,5.0,4.0889200507925825,2.8101517257228137,low
6.632097106344581,2.864127249273517,3.5479234470710086,8.368671787745695,2.241341783293672,moderate
7.807960772884691,5.0,3.6106656288056125,4.046028464417024,2.5971786401096617,low
3.568851950356323,2.4488248763622877,1.0,9.468387424262637,4.071740343410792,high
7.234175565482269,3.396022495074201,2.6669498289694786,5.88572156642002,3.759095967292996,moderate
5.4188872360581115,2.4385873117483094,2.1610652566136705,7.329440238497417,3.4026038494747795,high
5.585113811965591,1.343481152971094,2.1198197409910238,9.314081145024394,5.0,high
7.405089339112094,4.203803437417362,4.042270149897092,2.7960978979149194,1.9747388501084278,low
5.085590898430981,2.719214212005425,3.2679887402797148,5.68829768323833,3.95160229857592,moderate
3.5201534104738803,1.0725790241641646,1.3138695861800334,13.142461903268943,4.409433528834326,high
6.096349316816572,2.517284021865112,2.671691710500918,6.189319408647051,4.398614802934842,moderate
7.62799329085875,3.5148370643145577,4.277893913149188,6.871053033475404,1.9063568201693135,low
3.779606077122244,2.160655102448576,1.1261463519251322,8.413938921852514,4.570652370222293,high
5.473932497384229,1.8393195484980305,1.0835901741012848,9.319135406605785,4.268432744166766,high
4.662092135767607,2.3666495211241636,1.8669652375267731,11.048080665585816,3.974751521683299,high
5.707851643371539,3.0608684583900296,2.0983369779636476,5.953427829334258,3.639586577845881,moderate
7.1990751430159206,3.580642397653298,4.297476128205305,5.267544286627489,1.8544455382513039,low
4.5101245042782745,2.263250669584894,1.8244292609436799,5.583297508161188,3.348237578915162,moderate
5.528400572800693,3.052777737798601,2.553932685399695,4.754584919088402,2.758330235336256,moderate
4.19992423481383,1.8690788205046858,2.0614885011800848,11.913951397316126,4.667826525862472,high
6.812566029693409,4.022057427879175,3.102155744817635,4.889009309625361,1.0,low
8.252451773112972,4.002884866126264,3.560688724494156,5.405931328579115,1.7385619760333422,low
7.024628168449922,1.929304781581054,1.3423164124632994,10.327184755457827,4.019926487173888,high
7.8478128595732946,3.7478834517855732,4.235608188623805,3.5016078161053845,3.1797534558223917,low
6.471931940596079,3.5448377061107914,3.032396845419854,3.271031754670383,2.963389589382955,moderate
5.691789431609316,3.9450496965652384,2.417423544880135,7.646195924320176,2.501228498429354,moderate
4.835381759421867,2.130260106560871,1.9276535384988573,11.765462839323629,5.0,high
5.689295964105048,1.7063861744700113,2.8257638493678683,5.009411019024912,2.6902214418830948,moderate
7.641258686762969,5.0,3.186544341085999,2.600223994058579,2.0343183577917103,low
6.226266262637719,2.7131501653477055,3.499771813910392,5.9448360468971595,2.813016339630168,moderate
4.968129004613174,2.278382048459382,2.9726782047275204,7.091438518006528,3.075699117858585,moderate
6.334694782437727,2.9669387405746264,2.030239157908961,8.460963551049307,3.0055039489092774,moderate
5.902876103152671,2.472214543579496,2.780387550572979,6.131217829255701,2.648772898816174,moderate
5.8384424804874175,3.068248892091686,2.455921421689984,7.4822723226177565,2.5468683483497876,moderate
6.817564857941136,5.0,4.376624107949776,2.208505759617478,1.978506642711333,low
6.562746696939726,4.5975995822312905,4.678298509193101,4.736234483783277,1.4440678890777845,low
8.478033070939224,4.902748256080391,4.188239413375021,3.6430710333528706,2.0465895461405252,low
5.689972660318331,2.8988089479597283,3.032772619168348,7.294720290268936,3.3832556290055864,moderate
7.693997433016977,3.6673826065712642,5.0,3.5037302602227642,1.6743547037762352,low
4.383730754451457,2.1095750860607065,2.083660130080082,13.414108574256517,4.145609268840596,high
5.678998832980317,2.4573134468974858,1.8522172755055744,9.243531291483169,3.6182182822644817,high
5.9740623274039955,1.7630008084760755,2.341469735796485,13.269313890557042,4.437632596895475,high
6.04993742320642,3.3956905285511376,2.9825280688988167,5.927609431555007,3.7069109116903105,moderate
6.017370123899405,2.6476075423417327,2.7335242825851296,6.091147106353182,2.488237309324637,moderate
5.015234356170114,1.7773469793308816,2.3796081583321245,9.597623768662729,4.6114617987740925,high
7.546062335846604,2.9581207285427173,2.8082014924035557,6.2748981980730925,2.61332654107037,moderate
8.015151034621486,3.298497926375462,4.265496024055614,4.123592688015803,1.5050066310207093,low
7.369867263564074,4.888687596440138,4.999239698579153,3.544673403705892,1.0,low
7.436225431274881,4.475631463029967,2.4237558965666675,5.077769445807086,1.0,low
5.626172249860409,2.40378127373611,3.534649024104323,6.863579992672326,2.7592470364081056,moderate
6.237420538832232,1.9182862821492705,2.365636965545937,5.366752370940269,2.3728423311609155,moderate
5.006514328012586,2.9270274791958775,1.6820644703900196,8.927951826312745,4.7787155201675615,high
6.611655452468417,4.628637889578395,3.2346732994788323,3.487233588058168,2.2665657181671217,low
7.843005150769291,4.165930083364385,4.008011807364026,3.6324748707346624,1.0,low
4.423558448672571,2.1568141268221104,1.5700567653479724,9.148541324898307,3.5400422381614947,high
6.398148011606993,2.189940529124147,2.153564154046687,5.772541552271568,3.2959606763034595,moderate
3.7875635804080607,2.1157212108743373,1.3322768413916426,9.758659818207287,3.7870091314549708,high
7.110953672741335,5.0,5.0,6.4341561740707,2.0115763223503036,low
8.052388283254215,5.0,4.2445454357923005,2.250094840854474,1.8140131896687333,low
4.4402519493392125,1.0,1.7778298120700529,8.242916754771995,4.533583234662646,high
6.969434088883469,3.2198706879429304,1.9703707936273775,5.9730817266618965,1.7230982748085129,moderate
6.610070822413266,4.948769991035659,3.845322877549552,3.678352514363397,1.0,low
8.186380705005723,4.321383715098716,3.634096912681224,4.60922930862492,2.1901494033470184,low
5.557572523807741,3.3184163628148395,2.181760258191413,5.974127827821439,4.218840098867101,moderate
6.405472640603468,3.6890776864885395,3.2423009618281995,4.283893859937472,2.0018405632139236,low
7.753195409338646,4.159211846409357,3.2944749352635188,1.21024350412968,2.4750263530248153,low
5.1917285614539574,1.6301020026680966,1.0,7.828933618706508,4.505588319516882,high
6.249293389129102,2.3442628553407503,3.899935071257657,6.584759924523494,4.170566089612015,moderate
5.782168776209076,3.876737209429354,3.771616596483872,3.5740455608604416,1.5360073772821747,low
7.884597327124727,4.365764507597133,3.6788116547954894,3.1368562886354643,3.002105646240805,low
4.877628452602505,1.6307913108388743,1.3751265083690454,8.275431175807514,3.654748146028709,high
7.517481716418755,4.9966116793606155,4.4800243246922635,3.1713793933445156,2.025626621773567,low
7.785496847319608,3.985189987155343,5.0,3.0626740972826467,2.3804797637550066,low
5.759116657248043,1.8601017827960842,2.5266696868712035,9.471843313190979,4.017447153613084,high
7.417209385547231,5.0,2.807204996172737,3.3308145230666977,1.9072445779717964,low
6.650068470512349,2.7634438170597173,5.0,3.3934442627449988,1.0516095181834988,low
7.7437736638035455,5.0,4.360787282030568,3.9676300463840026,1.0064753200249927,low
4.604570748231318,1.7702458152708365,1.0,11.1051293913884,5.0,high
5.4189229666060035,3.037079491638965,3.050683321669868,10.560041807650048,3.106499457221636,high
5.107803111678919,1.648366612456165,1.0,8.604479566160299,5.0,high
6.516776893285715,2.651043639431037,1.50058190301988,8.873833140611211,3.405363979898687,moderate
6.840236837790792,3.4421019185520305,2.8592628965129343,7.569652536804561,1.3562801266263125,moderate
8.67064231297565,4.682151011627161,4.197810888043508,0.8837479226126312,1.975760294098375,low
8.452914362471091,4.048489599418222,3.9276059204977565,3.939451517340725,1.5655934384404826,low
5.995630929712558,1.2576724262514751,1.180448741101572,11.118656661930634,4.143147275696177,high
7.686140969083763,4.853530498026476,2.9055654364919183,3.56260798238904,1.678234833794778,low
6.817405319552944,4.3549372939936175,4.849932880249951,3.2073246677871947,2.192795717068672,low
3.8773387250002416,2.445433780496515,1.4526991061586996,10.375395688702945,3.848782766523064,high
5.860605765286498,1.766432740772839,1.6089315251245573,11.59524101842304,4.475087660455785,high
8.695953048987517,4.362205943569036,4.124177280245858,6.191504374883582,1.7768770428939524,low
5.421082273657856,2.3246054570678325,2.694927410684269,11.141903468970982,4.733364488306801,high
8.758683921980193,4.313906035702466,2.6756376226816627,3.3981793620055885,1.6855437237992708,low
5.9793779270803435,3.290389376370916,2.950568695073325,6.801106015519307,3.623621426951132,moderate
4.7101488775540945,1.811394711984065,2.036123718217854,7.809975346734931,4.997477802809197,high
6.849647123751739,3.9943283094813724,4.06932437470504,2.585211850366817,1.1805617882670916,low
5.5015764786943055,1.5851623982572953,1.648364665372313,12.256527813390495,4.447568385637703,high
5.97201132294839,3.470813229679012,1.9881124999631243,7.240652827819207,2.5401228994813985,moderate
3.614767433730348,2.0678766127471127,1.5623159661136268,11.303109029139678,5.0,high
3.451764202148058,2.3336077522634096,1.0,10.876988035739142,4.487523948389548,high
5.089031189441231,3.1413419223839365,2.3686774410778333,6.020968239858805,3.4619375887648585,moderate
7.542524278062294,4.52905675249788,3.5905881055468996,3.005900698778421,1.0,low
4.043145775196588,1.3956889870916638,2.3361645258615633,7.205244468067835,3.8989751900202796,high
6.169806487251365,2.999662141726225,2.0668989975313323,5.539036188573235,1.2830889779395962,moderate
7.022854603556146,3.6773946605772103,2.2441695208108023,3.6593777007455652,2.381278758936249,moderate
6.247539218418535,1.828310681971051,3.0733184524377175,4.828655761968562,2.9696231321658053,moderate
5.236860487978914,3.2850768404088053,2.957008115027116,5.466305815580481,3.647405783541668,moderate
8.197143022358553,3.845337944885337,4.430679736877993,3.903009508319628,1.5527103729258196,low
6.476856374453756,3.396826913935025,2.8891537329595396,7.06483541958578,3.449859332194874,moderate
6.046044943313565,2.662916073884646,2.045691726677401,5.436797546390072,3.346025016926041,moderate
6.003579687213356,3.293201114680384,1.4110997438097028,7.784045045726474,3.2378451013242406,moderate
6.766436312297221,3.244358336241281,2.608407202927562,7.602722866301712,2.946161538053029,moderate
7.286890007992836,4.400577077098629,2.990390605108412,3.064087222917433,1.3652333690893654,low
6.784218384835339,4.76132827527909,3.914120753753411,4.9715515467787394,2.917390536836928,low
4.936386716188739,2.637654941546846,1.7926276054989017,10.009265924244984,3.999871084746242,high
5.043436847499179,1.0,1.4307825713260334,10.923061530439242,4.18022090519342,high
7.22877353927955,4.697711425214444,4.3909842714919565,3.0501902445228684,2.539741160461618,low
3.7812122039307345,1.0,1.841049351591848,8.682596658673363,4.607556996058737,high
8.274622683673185,4.111482791855789,3.7733458069993797,3.98964341225752,1.5106605127782475,low
4.201444451674539,1.0,1.5486356213553114,7.8454221767524635,3.3556846416784687,high
7.055738224944787,3.7406788335421726,4.058786702320118,1.6912092226723432,2.0758235730089925,low
5.293261170873776,1.8133505625797233,2.719655435698654,5.396305490145917,2.981553700643682,moderate
7.197469956768488,4.092233151701125,4.779076124162184,3.4288608247688814,1.8320889760931403,low
6.653875807867099,1.6917802747570867,3.4598155346298545,7.023727515701183,3.4390880365925325,moderate
5.82563206324701,3.2344350156533377,3.1126630606952324,4.91675863100158,2.5094649610020205,moderate
4.482080677355152,2.188568386331737,1.1407028193746507,13.375916641733593,4.480368884058722,high
5.231721477537777,1.6912613792719793,1.1009432954423142,5.6302171476868565,3.980048690390382,high
5.722281060375695,1.6611319213867255,2.1035208130913583,10.198047125172582,3.6915584842688323,high
7.467389979091653,3.622745330195024,5.0,3.407172584214975,2.3757543154500445,low
7.728660911682034,5.0,3.088143518215875,5.222360187974528,2.6841668353518573,low
6.051786338218924,3.0554124229526747,2.604226218206975,4.874278151018029,3.126518761252852,moderate
6.787945823592959,3.006591308116515,2.5674820291126963,6.742526286178362,3.3885444618370113,moderate
4.764963719563643,1.085793907098978,2.5985399508985827,7.861180265025818,4.111038015545713,high
7.625638853956276,4.430026267909483,3.3748085648905963,4.025014698343844,1.7345129090631994,low
8.168088996731663,3.6671196877598087,3.3539794906733125,0.9704559898670686,1.937262017357363,low
3.6358456265954615,2.096059192910217,1.514776235060236,8.159169311318903,4.501748947811422,high
7.731295518951987,4.421013967620395,5.0,1.4318439111134986,2.3803795415056634,low
5.944171284120043,3.4032685890578622,2.047099399699889,4.92414048704494,3.0683251164852074,moderate
4.396010141747653,2.7367119199058894,1.0195059535748594,11.127483756192328,4.268106107158144,high
5.794362975414953,4.4171531123573065,3.2855638863406638,4.338279614445806,2.063394617633337,low
6.137475718109486,2.858499453711491,3.0914577036972686,8.954889373773206,1.8938715495247742,moderate
5.45268436166858,2.3545584248128604,2.2306267113573264,7.601437674576094,2.613863325029611,moderate
4.759740359230919,1.0891892138026056,1.154791945066156,11.827228865534458,4.15186848650363,high
5.312390258209202,1.7353863674313583,3.1886019773613814,3.580448210142777,3.10542027369891,moderate
7.460059271210998,3.493017826131081,5.0,1.243041886431131,2.5949734076289785,low
4.744635888355826,1.0,1.4170792822039557,10.3936242905721,4.21890783578055,high
6.254384181745843,1.8776457221375213,1.5117559002948375,10.599125868433307,4.326070014610875,high
4.146470037582276,2.9262818851989856,1.769252734500928,9.229713349880418,4.641045714744891,high
6.336684122035841,3.0883933982918825,3.1063589714740143,6.466434909078131,1.8506609013186035,moderate
4.876834243442329,1.8242018433328144,2.3391876419590134,10.672223306344785,4.759205521681771,high
6.840415027447008,4.893187221664018,4.405692799733534,4.6283473578603065,2.1709144287991804,low
7.638070334177695,3.996444909669591,4.141958093828445,3.7721432553309624,2.0187206934199575,low
6.470061934980775,4.104489077171964,4.255832130849984,4.328125309716815,1.9740242378901212,low
5.55205343509762,1.5471976352125805,1.0,9.235571247964101,3.7637461970233166,high
3.023685591232258,2.0907861067870215,1.0,6.948199577575039,4.305307184018167,high
5.743226619855527,1.6331422242072544,1.6478036435605388,10.740366698961143,3.724924536582842,high
5.757788539972208,1.0,1.336321891991866,9.148649617185985,3.367173956152088,high
7.456973959345343,4.241628681079668,5.0,1.8472212133755592,2.9477728846390514,low
7.541973438684995,3.6975219575488847,3.698062393232343,3.938436490476521,1.0,low
6.669859608129589,2.172510449190847,3.3682149969975512,7.881176304840433,2.920739272312125,moderate
6.732893919336801,3.781545706019834,4.169151165173726,4.1352960885508665,1.0,low
6.548989556541719,5.0,4.537122068322859,3.5432719121573544,1.0,low
6.036112123901962,3.7330371997305556,2.233611810541272,8.014857735967864,1.959233101837683,moderate
8.121870060849396,4.015750068999254,4.009789655305704,3.6327357470944133,1.7314740649332978,low
5.970886198821483,3.522493662219983,2.4906629880442166,6.643854829889177,2.2739682901865796,moderate
5.155628537128552,2.805956878947418,1.0,9.986640713897883,4.62309871218465,high
8.878932576626639,4.851172202667546,3.477731220343241,2.7846933204126003,1.396852785792194,low
7.076405832748958,4.318674049165112,3.1488763531271085,2.2747458071860134,2.9017355038380117,low
7.7873509427294785,1.9138720073479103,3.0267931793905007,4.764302930658535,3.068279739204178,moderate
8.54480139336546,4.333847845575165,3.964162021728382,3.7925029764819773,2.535620345946408,low
5.762777614249375,3.2654727629818265,1.599859873152715,7.274248133173368,2.3327734473844792,moderate
4.376260508002018,1.7559128030457598,1.0,8.210531554211693,4.053795561129032,high
4.356977620111152,2.269276943456844,1.2115538765790297,10.624840734472658,3.8487782478086245,high
4.8466488890935615,1.5954620523329897,3.3071766369445834,10.439612258791744,5.0,high
3.6971473804778023,1.0,1.7969643772486183,10.016933212700641,5.0,high
5.618243641992489,2.3178554721665448,1.4087961456539175,7.885359453813053,3.461401671432893,high
5.830101708219132,2.6038199303868064,3.0834876232472737,7.20949121490976,4.098572573253939,moderate
4.133535761548992,1.9854014136514206,1.1466119701448845,9.453693228296377,4.33545599981501,high
7.6749508773832105,2.9620570339171546,3.900597749914735,3.0731620213147584,1.8407919756306534,low
5.71527934341407,2.014053774185015,2.2892454098936454,8.206191248203911,4.201093371052141,high
8.286191608818447,3.692603380339592,4.5985135270080955,3.9934063016191557,1.4957368317430548,low
5.573141452359962,1.6469014949871275,1.89273000521174,6.998071810330961,3.537250504052558,high
7.8568577611856645,3.955753058189805,4.951454420206928,2.1624596443184876,2.2974726426396317,low
7.795000627265999,4.239927489515523,4.49967409553768,5.223562107875949,1.0,low
4.606984517394774,4.0663097041546346,2.9954690877534933,7.07083720515693,4.13275438291768,moderate
8.043130850457516,3.251043360327635,4.115073492084112,3.9594628836620593,1.6970612938701912,low
4.29854652565221,1.8470700784667469,1.794231337347439,7.232785739035222,4.5586326955597904,high
4.101173032666472,1.2923387182936015,1.301965178323777,10.10116847617977,3.849581238097503,high
6.288617697194385,3.0955786702977846,3.0564330535550304,5.117326891342423,4.166758675356137,moderate
6.151112277444489,1.6121076366550315,1.2234536552733826,8.99420020485042,4.62550926612133,high
5.149531418052713,3.102375047123876,3.6646731718171903,4.711561789736445,3.183348115141488,moderate
7.86353627057149,3.5567201871438847,3.1796198849694437,4.259429497528767,1.9979661231943588,low
5.989464790607286,3.491258370208465,3.0161594937937157,5.524568178659928,4.434133626391082,moderate
7.682582664111124,3.93447857286469,4.0203769626036685,3.1758138447954845,1.253133826117626,low
7.925847348442679,3.256775846608056,3.7118531744486534,3.296336244295546,2.2372285404446077,low
4.736355967447984,1.0,1.9134161283006812,11.787659923952669,4.306148010410139,high
6.881673350202116,2.3028393561719476,2.736865310635828,3.891497335120728,3.1384033814283754,moderate
3.5353520753907355,2.420285664839386,1.0,10.101711354113235,3.493458161789961,high
5.541845153751998,3.1739312855510406,3.223495362975211,5.086418552232435,2.6747976578844175,moderate
7.270093310760659,5.0,2.1290158968279433,0.9830588508678302,2.2472993439149898,low
6.827874818429978,4.387205682930746,3.2206283706547065,3.3945479091012554,2.1423222216830915,low
2.3255081525653,2.2304090745652063,1.8504224818190975,7.679849607419698,4.292782048060632,high
5.1824805040478585,2.361316352324297,3.034529657276189,4.820097242069219,2.743461381244725,moderate
5.710923694810619,3.477926418311998,2.481163125801628,6.610168857507007,3.3433454521123647,moderate
4.518261942666415,2.094364141473533,1.7890258216697026,9.349406296691491,5.0,high
4.219625724026403,2.0948715539637544,1.5609725963687147,9.79029023672058,2.9881561359897093,high
4.402477385244305,1.4271228194533356,1.460289570330649,8.284211319448136,3.2575468425627334,high
6.6143634543652094,4.014796166672153,2.7493047420423453,2.712734076030839,1.0,low
4.01154648230048,2.6174749464001277,2.154819518061875,8.181429601177593,4.568985823453827,high
4.267219073043018,2.7409238682382995,1.4465061194544506,9.35880727953104,4.73652021617548,high
4.572240037587999,3.151112649177003,2.495710368393806,6.266118691826689,2.677741806260332,moderate
5.773305422665679,2.2354247899912334,1.6105221410038353,11.19843003266201,4.478759906181049,high
4.35858405537566,2.6287674093353557,1.0,9.139092766290233,4.891704428734427,high
7.223648684431352,2.4509252043122993,2.7393067094105135,6.5901943208810465,4.379798441768903,moderate
4.0633521578306535,2.310516542315516,1.9377147521094347,10.305840460038485,3.8097948095547522,high
9.202775785948132,3.2462595040146187,4.518009965413035,2.9522346269303332,1.0,low
5.238136692434355,1.6311780048565794,1.0,9.83383933099739,4.659750711874226,high
6.160253644236514,5.0,3.2894524659898288,3.6315773054888103,1.024870639060986,low
4.2321345625810824,1.7029673981752518,2.3149561685095397,8.993815322941689,5.0,high
5.782425257439725,1.8337233918534912,1.4971301011073241,10.134378907857469,5.0,high
4.380225144593309,1.9355159017899315,1.2200474786358437,10.023857752316063,5.0,high
7.690188481865822,2.7998303280910175,4.4911645536626965,5.230765749423493,2.282742180950902,low
9.513979230027136,5.0,4.021642094622889,5.62560949072122,2.294656237430988,low
5.161735454770931,1.8993092772100575,1.0699449063474185,7.737405072681181,5.0,high
8.09001245477367,3.9637552966652567,3.96013182115053,4.260692453280491,2.2523130419602095,low
6.232590231329503,3.6161434477923717,2.2621510383164614,8.316981930516125,3.1793508915504907,moderate
5.6678669379667665,2.120288410518275,1.76010659773825,3.775084892350403,3.5059045860136013,moderate
6.976418868044492,2.9428285277916393,1.6738353035110196,3.7165802630297917,3.126320802473548,moderate
7.30851549802158,5.0,3.284403802846869,4.243642358578975,2.5142481379762467,low
7.244263026914159,4.688258213979727,3.2273815115525952,2.1050854638320837,1.9811824455115628,low
6.671476997739351,4.409265536427777,3.7905147072803205,3.255117698673381,2.137363723148696,low
5.204765445458799,2.921984363100906,3.2233541077853975,6.629789471022948,2.410854092429518,moderate
3.585119328933855,2.4293717198168654,3.2437024798649836,12.691085591489717,4.3115964542004335,high
6.524949551661098,4.460930562878189,3.1290558847973915,2.546480653849934,2.191048884841824,low
3.4887131212968585,1.6633406726511943,1.8382189613763882,10.441976996609833,4.031280152934124,high
5.669516712903695,1.0,1.3909783820595567,8.157830224779971,4.5436823528232635,high
7.486559073996569,4.549593145192624,2.820081877830634,3.5839034971937904,3.168979726365637,low
4.1716006862406845,2.263326886411503,1.0,9.342532146147551,5.0,high
7.4088420338761,3.7973158335620516,3.86705331128442,2.11896258897732,1.8159512047956592,low
6.575407878426626,1.9341610221946233,3.2726012619264284,5.436284269299556,3.821081636259078,moderate
6.71051433725741,5.0,4.021759911439807,2.8262203678605395,1.562853512997917,low
6.431202961931614,2.754210642979199,3.3403120046588795,5.093175631424799,3.7116855012712984,moderate
3.3860120316864437,1.0,1.9403024242118165,9.8753529294295,4.536759652822324,high
6.250412349341937,2.155851500638883,2.633094554313788,7.866771562242309,2.9680182786053075,moderate
4.114023662066476,2.2672978302726188,2.2312449316142455,10.565332956490746,3.5845108439305133,high
5.672468811673385,1.4934992645681908,2.410102030757207,8.04710010827336,4.548308431487342,high
5.696272851935125,1.8389658525304455,2.457719184741064,8.336809004148245,4.139373503771515,high
7.685735911701005,4.230685235131297,3.9591121292989224,3.194470196280764,1.287744466447553,low
6.92379474089665,1.4962984399845998,1.9870676125966729,11.664150255610473,4.320506629434744,high
7.202468334942968,4.687560772652187,3.3963774283671198,2.3881602666114192,1.109948703508582,low
5.725349930054551,3.7141834221060703,2.1935087029383924,6.160862018734807,3.004324236225822,moderate
7.3730921303690495,4.121317481877993,4.008015904169458,2.009893365345929,1.6482711322093013,low
5.011607948836498,1.0,1.8822702133421025,10.078560834949734,4.495779366058937,high
3.6283982363278406,2.4020857745265984,1.0,10.38055216224782,4.339589981150947,high
5.657842956940623,3.4601203759974366,3.256078434450771,4.625397231937737,2.2981943993853484,moderate
6.101023148499339,2.5162309075891898,3.4797044351714312,6.402236691687902,2.7616834140497555,moderate
7.387367290866892,4.001107096741648,4.361408300471016,4.151113355950352,1.3606287711587546,low
7.0103225607521535,4.84033344994319,5.0,2.854804907716373,1.9961060822328138,low
3.959184842266836,2.0521936978656776,1.7540166994258513,13.314177660770998,4.039943809131095,high
5.582785068448461,2.0111584624911947,1.135136802652984,9.385894292598504,4.526777575620444,high
5.030842780599186,1.818003923118564,1.605731371754108,7.908363009554169,3.820398121405016,high
6.585834210091186,2.76926993398925,2.5449358949747305,6.999655633045869,2.899934559598808,moderate
7.458801390646144,2.8583219449332087,2.663514079716149,8.187098660942128,4.8357187373980945,moderate
6.9552153273208175,3.4042766362006547,2.9352271058692385,7.473926054333216,2.777573769316137,moderate
7.646587549777525,3.7323105619647485,4.030948664672938,1.8222684082413791,2.549254663446304,low
8.58735006019235,3.3116780924609905,2.952352917067672,4.239361601602686,1.0,low
5.106396399151391,3.0383367213940007,2.30184770859131,10.164447504424725,4.881244319154135,high
4.556643099776977,1.1946204134470482,2.071910050799098,7.8350386322535925,4.973276811900944,high
7.714169169875069,4.9923969933169,2.69811521541806,3.622311064847189,1.483970764832275,low
4.496313221304443,1.304194093902655,1.8368867626876546,10.229619491374606,4.427268220678735,high
7.184315901712329,3.9986355791288126,4.741456617227424,4.093467986387424,1.690500094409843,low
5.4656680844879055,1.5336590181487464,1.5766539791282697,7.105343237243391,4.0938785687045804,high
7.710199380117711,4.418072602703444,3.9804122804288475,4.000966350490417,2.823511608326738,low
5.446673247254962,3.2089445110924397,4.027006786086642,4.400146174564333,1.1569792038829534,low
6.161545593657958,2.667256556615732,2.4223253726552016,6.718999823132818,2.844231581192535,moderate
7.675997347177412,3.843359788680759,2.403483508239654,3.991794148794431,1.7866513230904737,low
8.38503096804791,4.5484662571978784,4.625949329959386,3.574299780415951,1.7012093834736293,low
7.572467925521396,3.768311860029126,4.24122343332525,4.21801645648986,1.6775582909709392,low
6.205797336970549,2.5936354895944334,2.1682454454896956,6.798772159760217,3.717803691222148,moderate
6.622571537236288,4.3220329443719665,5.0,4.06770463763297,3.195467875129011,low
6.572490561717007,1.1714204607883476,2.8097287465327576,5.237529653804047,2.678846660021653,moderate
5.752697534527634,1.7749216632746925,1.4972603535446043,6.67661431618517,4.4501786035989035,high
6.75873924687558,4.435696480955952,3.216324887310632,4.754638729747616,2.2452173417876944,low
4.713704757690626,2.0927948224827526,2.4018276747260945,10.251563743576078,4.435664806026622,high
7.085177866536625,3.361762166253133,2.863560016527033,7.311268862741291,3.5245666073514386,moderate
5.4825177293796585,2.225797119382726,1.492856819263688,8.99115610590869,4.455766808741928,high
6.44358841221612,2.150271927175769,2.3696757136616284,10.463033037770307,4.344866073481307,high
5.88743654293245,1.7639446513469212,1.7100053283990526,11.059452305120324,4.486845608470405,high
6.943245910663437,5.0,3.202399699235898,2.313647420678473,1.816813312215526,low
4.692874344059887,2.258468643301074,2.5988656352489627,9.013055032131325,3.790885014788415,high
5.701650572594467,2.194091116032083,1.419815045058212,8.326277850398334,5.0,high
3.2471811641930666,1.6324674484729897,1.9665046186820136,9.093859902199148,4.156300818647952,high
3.3046455722353407,1.6126390832360082,1.5617474410056111,7.900024350703364,3.4469635917775223,high
4.646631308488516,2.3460608969638628,1.5616776489253046,9.52002201507445,3.886392848669595,high
4.679375501271571,2.2327352236798754,2.0546660565617123,8.633439517705726,3.421280579011847,high
5.465393423107413,2.055674368091656,1.7606645184955068,8.5047879617573,5.0,high
4.558959684106789,2.3618641623391694,2.714736343162666,6.139236539012313,3.006481250913609,moderate
4.640270261615771,2.0179578475485185,1.3059169910563726,9.61785055198751,5.0,high
6.085232549981103,3.3754053429576922,2.9829942889109775,4.269859571602462,3.326326202467308,moderate
7.7814051267193625,3.808250313201173,3.715139375859209,5.662090337296576,1.0,low
4.252584243596441,2.677079500528383,1.4635476215466063,10.415353157757572,3.6836616419874044,high
6.552134067863806,3.0568961158382253,2.2358044738177414,6.53004688050345,3.6576385398343083,moderate
5.8739622845993456,3.182302455382538,4.6007622058788105,7.609248794294349,3.58730480474232,moderate
7.0246800354425645,3.793041335906894,3.2754453201715514,2.8991063074917007,1.3949316287139233,low
7.752484002872272,3.9308614751829873,3.2105534645758,2.6769767885880285,1.2790839416155322,low
3.911650360916802,1.5006374700228324,1.8250648982525146,11.272283743174016,5.0,high
5.754294484301725,2.2224090445929923,2.4808490935991783,7.823455649808288,4.832623754070347,high
4.986975537852711,1.0,1.916018825262746,9.851044271606249,3.6503759066279104,high
6.190942862327488,2.2833807115653246,1.9483773992974163,6.759419795357977,2.901741537526679,moderate
5.491743388946732,3.0327270567724662,2.4439693201903867,9.626744076486624,4.274848173254602,high
4.562870474838868,1.2341040453783663,1.0,10.64153673991118,4.08243342973785,high
8.464682896710586,4.471400370385884,3.7341354417470733,5.158049112053356,1.0,low
4.918618584309738,2.8026727371379483,1.95816753838533,10.251514751176565,5.0,high
4.791959518897226,2.1751271583476792,1.0,10.000340126839683,4.75971038011017,high
7.11841768355394,3.559583305794672,2.875273926037544,5.178288430348416,3.097151620371041,moderate
5.6000848623641835,2.1235827317657243,2.420440916643053,9.411274600307337,3.9236074444498725,high
6.401753344163227,2.531739927213329,3.35327543387632,5.218100944973292,2.6194014038846727,moderate
4.460526412689836,1.7565525967016737,1.0,8.306088394308722,4.832095797279522,high
6.766384917693171,3.236026122152458,3.2742393894639754,3.6049001993601264,3.4500889579394003,moderate
7.392941628387167,3.453316927439355,2.6441231471062094,0.5589534457518961,2.8711910365348365,low
3.5775629446270893,1.8384820814268923,1.0443531757897047,7.225180689524615,5.0,high
3.6934433423763617,1.0,1.2083222236925235,10.062095481580668,3.723402194845408,high
8.241950785246544,4.023732647908722,3.2222265693577095,2.5397459640777797,1.868750662214327,low
6.220596502909481,3.437897273409318,3.1367200653345586,3.3588945607380647,3.3335472187796658,moderate
6.116443660506186,1.7952641695171978,1.581647907680529,5.869613032323569,3.2308611265229956,moderate
7.572391825302299,5.0,2.696708392730242,3.278989104181734,1.9087885307168517,low
4.466666451305003,2.3561135481459248,1.6549158635433168,8.403611508513562,4.653910147789163,high
5.9391974326499,1.4091754259594687,1.3071880590628393,13.018156565571731,4.390953906891713,high
6.2945864163076575,3.0628140179328756,3.2418923110851035,7.915437005874283,2.35583056251746,moderate
5.6377319356338065,2.3290165096760735,3.455598549099751,5.404493657831434,2.7180808504682563,moderate
7.532035223591917,3.6736069527382433,2.454744708145862,4.833259137888939,3.0247080122095067,moderate
4.73520126680419,1.0,1.0,11.868724854289097,4.684471080551585,high
5.7659320486102414,1.921924160036343,1.3518368543533492,8.911847254143701,3.6697480339908717,high
4.967251119767024,2.1410665833567677,1.1134666337148469,6.726718328563074,4.304040720460973,high
4.837085460103458,2.1064247695281084,1.7605241716759323,10.394033655580413,5.0,high
2.9597445632956614,2.2643347085459196,1.4406757152224583,10.132277028504777,4.0681325426641495,high
4.2423213152873895,1.0,1.867684602548605,9.380379898538706,4.192500404071952,high
4.463837402537237,1.6605796563739372,1.0,9.419060157706513,4.283826498138875,high
4.7535889444714075,1.8610923678619793,1.333527127380691,9.89190276327115,4.511477498313228,high
7.39696076780845,2.7042841386626644,2.905056791241517,6.348611615241911,3.3187339371555487,moderate
4.011091658235123,2.1487192871965517,1.3550960944066277,11.183876820478673,3.9545448853370706,high
6.347466814407234,3.032251537794301,2.3106847028272512,6.6612574059235286,2.9249733504840694,moderate
7.889577984628465,3.723518225984746,3.664627780361614,4.258377780513674,1.9502677801564565,low
6.093817286914695,4.348599540665366,5.0,1.0981451066735857,1.0,low
6.61192180931514,1.0,1.0,8.460634064648271,5.0,high
6.55204498686638,4.1844822912276864,4.309781936942837,4.033672181834279,1.6476223931713314,low
6.9891483331496955,2.1999154087594794,1.1316279079298468,5.28236785228495,2.594251981581831,moderate
8.403177834176713,3.470063910371324,3.7996439351115314,4.207456263242722,1.3244845017252513,low
5.927956773253228,3.553583833672712,3.835623500696535,6.765232197258624,3.9855961760617404,moderate
6.976169843656487,4.408625071470574,5.0,3.2637371615553086,1.0,low
4.393942178484527,1.5929058796542612,1.9739746397511826,9.541539381493608,3.825679330166248,high
2.9010444178080252,1.9116317061913133,1.791732404034017,10.038597930603748,3.9900251428151567,high
5.2920003293548366,1.0,2.055631125298446,11.201614285522442,4.503396706284896,high
4.040571019327749,2.7632900296763787,1.5436087403292273,9.650912250209755,4.554548882473113,high
4.238757741333576,1.864293043703594,1.37512295512595,10.451923933082883,4.912926319588891,high
6.34231002206153,4.28294485923521,3.452308566226988,3.923264195631612,2.3072898650891123,low
5.459991588103208,3.2278125483683904,3.1362340071169656,4.142539935505838,2.558236130076999,moderate
6.798511377465929,3.188119109259539,5.0,5.562554003659831,1.4012243999621214,low
6.983650476562041,3.03389801519594,2.5517118879282257,5.688497697934959,3.0714743576197665,moderate
5.914344271340864,1.1557785523693194,2.031008732136498,9.953506297191419,4.034886530624278,high
7.870866259701746,3.0985923956291495,1.135896655789013,6.466643372846913,2.118816341810825,moderate
5.804052876151473,4.714463053883919,2.9382893977692524,4.925148162989004,1.4903428825363405,moderate
3.917010569278607,2.2397451344625208,1.4023650775523835,8.190767937730467,4.1299940957755,high
6.825415783765703,5.0,3.9074399404281794,1.8730232346481352,1.9535441100625337,low
6.078313609933769,2.3178464511537396,2.1005985760682915,6.995742088544103,2.528522238370336,moderate
6.367020553649911,3.2718112537873028,2.809850458011453,3.1496934619503687,2.845487280654125,moderate
5.299316869552782,1.0109825366773482,1.7818289697596301,8.45668068895553,4.078179552874735,high
8.569918485954195,3.7869766306615444,4.170873072284847,3.0664754899958653,2.397294169767191,low
5.9391718490769305,4.163205392502692,3.554369301828435,2.7533510656463385,1.4096618277566448,low
3.999176409586431,2.812531823691983,1.5458085938469222,8.15948278595576,3.6708450131034445,high
5.186068852014479,1.8969147912923081,2.189749723877057,8.937312992623173,4.2506045930843595,high
4.42096231560856,1.6954952626672808,1.2523359486509804,8.738801409099812,4.632325792167299,high
5.283690468804603,1.6295405967835304,1.1962173893635213,8.390900886172087,4.317423742903175,high
5.796102540035727,3.396265539929062,2.6765438346574686,8.132460322067804,3.9600283687917646,moderate
5.300954999109798,2.0251544869000417,2.432195637945303,7.956418491181852,4.034516234289994,high
4.329828811712079,1.3986543959979485,1.3310261358134599,7.311593761924705,4.021753037321478,high
7.81981938137875,4.518038823360881,3.359390718907852,3.6569170254938532,1.1055212206599467,low
5.171602255700161,2.1150575843835586,1.9794257155394792,10.515537027344006,4.583205741026844,high
7.394264230689347,2.843062859360159,3.915038462385965,6.630757700921019,2.6495824000667954,moderate
6.555655373639346,3.0194220604362183,2.4806906627192493,7.9782105885580465,4.035679424801706,moderate
6.298993631338381,3.260405894070064,1.0,5.885813617815191,3.61273337353148,moderate
7.678876439019746,4.554543793676013,2.7885298761449473,0.0,1.0,low
7.09020581674277,3.7806417428527523,3.7163115141854677,4.898369042656612,1.0895230008610368,low
7.770059639039147,5.0,3.4084682704215945,4.856119179685416,2.509518445051594,low
6.323354964397874,4.756978194941091,4.194700608518239,2.866498835210824,2.0471829492760523,low
7.792355251491263,4.15982809626108,4.9538498478623385,3.9965507806282567,1.4540116246597843,low
4.478425445759866,1.8537053998582884,2.668736156548941,8.793896809766908,3.32260146096382,high
6.3292463985303975,3.9829377135334973,4.277153712101576,2.4269511776246273,1.6374431219053152,low
6.811139620064921,2.1838539374446952,1.6937624775081255,6.811439554210392,2.8005344793961378,moderate
4.650068840269898,3.855197366082183,3.222104797398673,6.990794014546292,3.279298064499768,moderate
7.266263051357156,4.341269020985958,2.248810109088242,4.235558456569519,1.9970207836989229,low
6.426808766932986,2.8096279648485356,2.3455159562729047,6.7218120965632515,3.4517233002893284,moderate
5.9408612047235145,1.795032069642248,1.0,8.430658610632475,4.536234999588638,high
5.213021207841287,2.5300920829708993,2.1482485584405278,5.087702969853183,2.934878020388906,moderate
6.391689678815919,3.079124287872691,1.6380784830062183,5.917684182375752,2.9645746696169666,moderate
4.983599783404008,2.6815069031222114,2.444819596519702,3.512086344722396,2.482319988256038,moderate
9.09738471335343,3.8074300339874667,2.866089603925761,4.466814367091001,3.4264473163309956,low
7.630202452084005,4.7998945481461766,3.3683038336452413,2.2971872231710386,2.27746680584654,low
5.081363337306301,2.8159816273044376,2.0366869232146656,6.831917015541029,2.59349307258494,moderate
5.270559384674127,1.9065546701541554,1.3641682374483823,6.3479759488454786,4.600487880127666,high
6.988198773800201,3.370691090773776,3.2018873566116386,3.4944404333307855,1.7257144234022044,low
5.664984137508195,2.0037850600280107,1.0,10.155896935968908,4.454617432765933,high
6.9331207002516315,3.0088080839338267,3.0936254249972737,5.110077168566259,2.566803276157973,moderate
8.068981263834283,4.124994581808253,3.9428885612204154,3.4572671165718907,1.7702646974690504,low
7.874007473801637,4.696792906078236,3.435380766984839,4.684886174055681,1.0,low
7.604219617178309,4.845744094479832,3.3554047215336107,3.679810896784736,1.5742727377299213,low
8.094603336962754,2.82522629484114,2.953916066126485,3.7539316793540602,2.566188499318826,low
5.232635678045457,3.1389962665419104,3.641890564575302,6.610772400166456,2.9435908955489065,moderate
6.442008605861107,2.02434930682409,2.5386137442232823,5.635910785054862,2.3934786492862097,moderate
6.520424774623599,4.458180815374532,3.8579602106431166,1.6476497569735022,1.1480592842456459,low
5.408953096598872,1.0,1.9541923437918343,8.494547554085015,3.942176999417933,high
7.930492349603141,4.600995610864798,3.7186051939095566,4.860416574508042,3.137564166333584,low
4.060348233233201,1.2268130947081148,2.529235335077717,9.598576553903161,5.0,high
6.334275344115467,3.8574338030869235,5.0,4.073035204720155,1.3218534064219858,low
5.018856613910654,2.844776458988562,3.3924128436154106,6.359338673529881,2.8589096120313386,moderate
6.399047862405858,1.4770205428100103,1.163845024641906,9.216778262277701,4.544277881924965,high
3.6761316503630592,2.537036621000631,1.7685126092353134,9.508298317854432,5.0,high
5.018379844191475,3.4886684719596968,1.539533250432408,8.080175964796073,3.740064669586399,high
7.641209937097957,3.9458360361234974,4.734537727380385,5.852581520939632,1.1376068187770032,low
4.3299853684117435,2.2949627337684615,1.0650823271967784,10.932349443561888,4.957685419813203,high
7.773244440752408,4.533920065650758,3.6571748719691537,4.655189086984209,2.1059389490859215,low
4.7615852133952705,2.028497551702604,1.7370764090393929,8.469881577643996,4.927038799462674,high
5.429905112392986,2.6157059568867442,2.250654526990806,6.05987558015025,3.379720994134373,moderate
5.102976036590187,2.3852826522521964,1.9722845994554938,5.505950519150145,3.945225989661324,moderate
5.197999855832939,1.543467311202288,1.0,9.953258877041034,4.01288290314534,high
7.500067514473131,4.312784152491663,3.9673889107624625,3.0637000516318413,1.0,low
8.625985489050974,4.737110989183011,3.2414108208493575,4.236919012535148,1.605609134702142,low
6.919819148371397,3.6999787164303566,4.4447598000028945,5.24486021774895,2.34978686464474,low
6.640157405527212,3.349864881394646,1.2694906148746026,5.23830632641294,2.3891294330887884,moderate
5.132735333075217,2.275504447003564,1.7482040244905046,9.814231368016301,3.237277096964882,high
6.992882874363712,3.642782723357769,2.6761985644990425,6.323587678277539,3.5818826924350473,moderate
5.503063084701368,1.3721717509852118,1.1553888521326632,9.937314010458998,3.8665837846795688,high
6.891972303996024,1.864097303257137,1.9053381461017376,4.939425357620237,2.206682420347531,moderate
5.419750530880998,1.6180790299737016,1.0,9.248291467442455,3.9460712010677166,high
7.335649953705896,4.040496724850772,3.316828828719567,3.9082519722420055,1.0,low
6.099000935035821,2.8962773505339383,3.836069442599741,6.154435501873772,2.0400303995493934,moderate
5.881130508497598,3.3257149346865575,3.1842880118538375,5.9970746821445955,2.7303099421381773,moderate
6.668012715007603,3.2796831570503175,3.595722778851045,3.62306382047152,1.5082835215805719,low
3.7635658199328392,1.3114980108083323,1.4982481765016258,9.988525259757907,3.7225164377913487,high
5.6556758505762135,4.033415965197389,2.1013834846942854,5.089890761460344,2.983539987489766,moderate
7.8654201900459295,4.26472826660582,4.571743107040554,4.056043767239224,2.516171143113826,low
7.461025278455906,3.8739026952404196,4.769985755239459,4.3408677882315025,2.216802366977045,low
7.992783538060396,4.219669255725757,3.7826612166628393,3.8715440982910003,1.996205921273589,low
3.2148395358217092,2.1664452934777163,1.038207234972824,8.18060388607262,2.9783844153187813,high
6.91744518518778,3.7132704686123246,3.7037203386288944,7.075324639507588,2.2805297243128617,moderate
7.313316608541216,2.3896653953390152,3.205497379924653,5.517156943093311,4.154697622207544,moderate
6.034487506024841,3.129181577964907,3.5236503175572294,6.5057488675638915,2.506864937074176,moderate
5.385568340145411,2.874580646383548,4.768854473767106,5.427339780897609,1.907189794845217,moderate
7.421211612392461,4.232612151234229,3.827966949990969,5.2751294128090755,1.5365676539370374,low
7.261458052707735,2.4595846897723943,3.681380394534315,5.831342935854946,3.835242552584553,moderate
5.463678908971111,2.81458658088225,4.572333274419524,5.45067072236163,3.0169960470497648,moderate
6.03433882274367,1.7773628953591694,2.314015366426352,9.384714188375533,3.6960557079861305,moderate
5.576778766240819,1.0,1.056141364433702,5.320486722689066,3.3917430240160145,high
7.424589956597955,3.7042623201816287,4.024903533889238,0.7164671278985382,2.0163550065941047,low
8.401792965574426,4.4633958952429795,4.312425503280145,2.7533987596948903,1.371867611177787,low
6.3472039037603025,2.7227237548965326,2.6185535184794415,7.763792104703152,3.0405332904484945,moderate
5.924120427186145,2.1301522458202196,2.1809473554227763,10.527707434400792,3.814540439683055,high
6.8599360608576925,3.119781010746909,2.4721020114703793,7.102346366502809,2.966135341867736,moderate
9.174534647144476,3.660183128107348,4.04410165783429,2.3025776201071695,1.0,low
8.245258410299396,4.024085048010743,4.05853475418739,2.213644937251737,1.1238072538794817,low
5.802293736067169,1.9062296085059476,1.0,9.266217549448728,4.4998855192450655,high
4.354726412526859,2.880594360413242,1.0,10.422062706749138,3.8588420429438006,high
5.236772954756827,1.9539806286489176,2.453857089706972,11.592664998047741,4.429206275973249,high
6.810683772717958,1.8075471014111,2.536210557924675,8.369799196614732,4.520232116008533,high
5.752347626378767,2.5284140352411866,3.120991395348518,6.598284231265582,2.9988489599945676,moderate
6.369259680562409,2.187010013589036,1.3067904586222225,11.427212082569849,4.429419228331571,high
6.365778281751619,2.1571250714338035,3.058550641789933,7.532640952169143,2.754660545874726,moderate
6.158883614808284,1.6879451191173884,2.886068094866188,8.273567284833808,3.306776497607689,high
6.326363803687207,4.092464024730147,3.9346909452425556,2.8481950027326635,2.6632232894155385,low
5.348297107129516,3.5787304093436,3.583578013398866,5.480586375935043,3.8459437303650166,moderate
5.758942242821032,3.163717510815464,2.5534144755351615,5.5484023163219085,3.1826613136882895,moderate
3.754439976959088,1.7859462244795108,1.0,7.701645180112905,3.871521344679969,high
8.820742345785,4.599351141788057,3.8942636856751496,3.167959891897144,1.2505059136221375,low
4.1591512504353325,2.3848510890519488,1.0328460688759744,9.624570758827687,4.5848897937178545,high
5.332188655967236,1.5033960298903835,1.0,7.494711580247738,4.187084885769352,high
5.069464376590648,3.461914135833213,1.0,6.495652807105268,1.65430342703374,moderate
3.8020773225557645,1.9949308312947507,1.936924692771787,9.090976471923527,2.7764752495026017,high
5.793327868027962,2.2412748048312516,3.3784851169252805,3.831555020144174,2.7090061654429656,moderate
6.807335107445406,3.6819928411563714,4.84876318578212,3.4976961761883847,2.843788825158607,low
6.040806411149282,2.1957862751872774,2.8888068834070895,5.904816178821032,3.070188140414332,moderate
5.376659778349597,2.1317972541509906,3.8989989394992626,4.689198447843459,2.2385462310841127,moderate
4.217286514368433,1.6730720381516828,1.0,10.077916614486394,3.926898405637357,high
4.697475246252225,2.3871557181989784,2.13999979865784,8.594097160223999,2.9468946649155736,high
8.882958115524474,4.377850800485196,4.636020951924478,3.8271743161185547,1.7368655194494773,low
6.955256364476847,4.085609365496905,4.022475371779654,2.4595936924118886,2.5743382573927045,low
4.8017733149770985,2.9957298869228906,2.9390050344770615,4.12624396034573,2.315875886009305,moderate
6.290035114743886,2.648369016014665,3.185647066625478,7.937161644985544,2.4661258042216816,moderate
6.727906590214102,4.388344926874533,4.874765686930644,3.315577874765579,1.5733160803450368,low
6.889554232244186,5.0,3.991376494949482,2.5856306500276904,3.0575992501352633,low
7.3563846293739195,4.419918844342338,3.1247791227537975,3.510206752067784,2.686436180502021,low
5.0653605371842945,3.160041700785985,2.812134240405915,5.851381181593828,3.056681995091783,moderate
4.491439812381147,2.7888672970943276,1.0,10.741203680719856,5.0,high
6.255019094280526,1.2497040715817602,4.044824634703875,7.046344735621092,2.679722436204475,moderate
5.0992302249982915,3.3271939571802363,3.5990365376722524,8.806256713916284,3.252970097945898,moderate
6.126529290799879,2.101576097943278,3.075966354609421,6.9616002609368,1.9341794166922675,moderate
3.730450030861557,2.3618402502087883,2.050254132642146,5.955551815034447,4.7416865573566325,high
7.598259924463334,3.023816115958537,2.241292649571616,2.9161458135174314,3.1813549310912768,moderate
4.979314237124315,1.0,1.841464452006113,11.644407041522927,4.971452250910616,high
7.188152157475385,3.5756736365054795,4.313469601705897,4.925161271265345,1.0,low
4.953457367417684,1.2430055215265836,1.7888477833537528,8.771812265538133,4.820665312315708,high
4.506380686538554,2.270972573212751,1.0,10.471285495632882,3.8498685578547205,high
6.775616755711951,3.777196042278071,3.8592267418368187,4.488503758251419,1.220789283114742,low
6.439056079875762,2.6302843560055833,2.590242855161244,6.426070410937534,2.8534026868922826,moderate
7.50999529498215,4.514512705687663,5.0,3.897248185995435,1.7860597734897803,low
6.72625752608482,2.8281803184808947,3.5592104740246913,7.865508031385615,2.796236984636059,moderate
6.588752159956003,3.448363230686073,2.868601339869568,4.021140942251143,2.2982339985127034,moderate
7.237861524510431,4.674483673014048,3.5603537413922384,3.622437556688689,2.6207444704325824,low
6.356777199861414,3.143033024902455,3.2259162155007752,6.261748309179398,3.3060832293680646,moderate
7.643420507965053,3.697561065703523,4.789613200144512,3.8792574447731436,1.4635475015473527,low
5.688522617685068,2.4524727720890787,1.0,5.920919202038366,4.227948852958753,high
7.3521101091637915,4.669410205450597,3.69154330490118,3.118512141645845,1.7733382993773874,low
3.8855851235326,2.0393891404214073,1.569715556331147,9.90512721647256,4.033978072283723,high
6.593370228797215,4.997376354262194,4.1906588286919675,3.3725816832529083,2.669606880741782,low
6.739982356071535,4.129474699603122,3.362597581254986,4.304095090642628,1.2021488243985663,low
6.922753573165722,3.3311236443509715,4.195204999253067,2.120955203374047,1.8656912156682526,low
4.896703832427584,2.230635365250038,1.0,7.369368383908027,4.529014320687768,high
6.959160612650976,3.9625374628110084,2.0692391499719505,7.359332156272045,2.9354797534403616,moderate
7.214988823150859,4.692317085250451,3.2784303958101924,3.0026323209969696,2.1685622630142385,low
